{"cameraMode":{"drawMode":0,"name":"Shaded","section":"Shading Mode"},"sceneLighting":false,"audioPlay":false,"sceneViewState":{"m_AlwaysRefresh":false,"showFog":true,"showSkybox":false,"showFlares":true,"showImageEffects":true,"showParticleSystems":true,"showVisualEffectGraphs":true,"m_FxEnabled":true},"in2DMode":false,"pivot":{"x":-13.723846435546875,"y":2.2300000190734865,"z":-17.030000686645509},"rotation":{"x":0.10586924850940705,"y":0.6923402547836304,"z":-0.10379497706890106,"w":0.7061885595321655},"size":3.5707156658172609,"orthographic":false}